criterion,weight_percent,excellent,adequate,revise
Instructional fit and feasibility,16,Ten-day sequence aligns inquiry objectives formative checks and constraints for selected band,Sequence is generally feasible but some alignment or timing is implicit,Plan is generic infeasible or disconnected from objectives and constraints
Evidence quality and traceability,16,Every consequential choice links to checked source constraint or labelled judgment with limitations,Most important claims have sources but limits or downstream links are uneven,Claims rely on AI confidence unchecked citations or unsupported local facts
Four-band differentiation,14,K-2 3-5 6-8 and 9-12 versions preserve central thinking while changing access participation and expression,All bands are named with some meaningful adjustment,Differentiation is absent labels learners or only lowers expectations
Assessment and fictional-data judgment,12,Rubric aligns to learning and pattern note preserves missingness frames questions and identifies teacher review,Assessment is usable and data caution is present,Automated grading diagnosis placement behavior or intervention decision appears
Accessibility and age-appropriate communication,12,Deck and family draft demonstrate captions/alt text contrast non-colour access language fit and review needs,Some accessibility choices are present,Materials exclude learners rely on unsupported visuals or ignore age/language fit
Privacy and safety boundaries,10,Uses fictional/public data only and explicitly reserves grading communication safeguarding and external actions for people,Privacy boundary is stated but one review detail is weak,Real data collection external action or autonomous high-stakes decision is proposed
Verification and human judgment,10,Documents local checks AI limitations rejected output and teacher approval gates,Names teacher review but verification is general,AI output is treated as final or approval is absent
Cross-deliverable consistency and reflection,10,Evidence sequence rubric data note family draft deck and decision log agree and change response is documented,Minor inconsistency or reflection lacks one concrete example,Artifacts materially conflict or reflection is generic
TOTAL,100,,,
