evidence_id,claim_or_question,source_file,source_owner,evidence_type,status,confidence,decision_relevance,contradiction_or_limitation,verification_action,student_conclusion
E001,Smaller unit may address a recurring customer need,materials/session-04-technical-communication/student/AF-COM-402-source-notes.md,Rachel Stein,Internal observation,PARTIAL,MEDIUM,HIGH,Interest is not validated demand,Confirm current customer requirements and willingness to host,
E002,Preliminary component estimate is EUR 186 per unit,materials/session-04-technical-communication/student/AF-COM-402-source-notes.md,Elena Rossi,Planning estimate,PARTIAL,LOW,HIGH,Excludes engineering certification packaging and field support,Obtain current quotations and define cost inclusions,
E003,Workshop may support a 12-unit pilot,materials/session-04-technical-communication/student/AF-COM-402-source-notes.md,Omar Haddad,Capacity estimate,PARTIAL,MEDIUM,HIGH,Depends on drawings and purchasing release; assembly time untested,Run build trial and confirm current capacity,
E004,Existing controller board may be reusable,materials/session-04-technical-communication/student/AF-COM-402-source-notes.md,Sarah Chen,Engineering hypothesis,OPEN,LOW,HIGH,Connector clearance not validated,Perform enclosure-layout and connector-clearance test,
E005,Wall-bracket geometry meets defined interfaces,materials/session-07-parametric-cad/student/AF-CAD-703-wall-bracket.scad,Student-generated model,OPEN,LOW,MEDIUM,Render does not prove fit or strength,Render dimensions and print fit coupon,
E006,Supplier monitoring can detect meaningful availability changes,materials/session-06-agent-workflows/student/AF-DATA-601-supplier-snapshots.csv,Priya Nair,Synthetic replay,PARTIAL,MEDIUM,Dataset is fictional and does not prove live-source reliability,Run bounded replay tests and define live-source contract,
E007,External alternatives provide a better technical or economic option,,Student,External research,OPEN,,HIGH,Citations and assumptions not yet checked,Research and verify independent sources,
E008,The pilot can be executed within a defined budget,,Student,Derived calculation,OPEN,,HIGH,Total cost categories and contingency are incomplete,Build transparent cost model and run sensitivity test,
E009,The proposed validation plan can answer the main uncertainties,,Student,Engineering judgment,OPEN,,HIGH,Depends on measurable acceptance criteria,Map each uncertainty to a test owner and exit criterion,
